<?xml version="1.0" encoding="utf-8"?><App xmlns="http://schemas.microsoft.com/sharepoint/2012/app/manifest" Name="ac-search-client-side-solution" ProductID="b4b88261-3849-40ff-a139-80cf95f2168c" Version="1.0.0.0" SharePointMinVersion="16.0.0.0" IsClientSideSolution="true" SkipFeatureDeployment="true" IsDomainIsolated="false"><Properties><Title>ac-search-client-side-solution</Title><DeveloperProperties>{&quot;name&quot;:&quot;&quot;,&quot;websiteUrl&quot;:&quot;&quot;,&quot;privacyUrl&quot;:&quot;&quot;,&quot;termsOfUseUrl&quot;:&quot;&quot;,&quot;mpnId&quot;:&quot;Undefined-1.15.2&quot;}</DeveloperProperties><ShortDescription><LocalizedString CultureName="default">ACSearch description</LocalizedString></ShortDescription><LongDescription><LocalizedString CultureName="default">ACSearch description</LocalizedString></LongDescription><Screenshots></Screenshots></Properties></App>