{
  "$schema": "https://developer.microsoft.com/json-schemas/spfx/client-side-web-part-manifest.schema.json",
  "id": "eab95925-5bf9-4166-8d59-f82fd4030de9",
  "alias": "AcSearchWebPart",
  "componentType": "WebPart",

  // The "*" signifies that the version should be taken from the package.json
  "version": "*",
  "manifestVersion": 2,

  // If true, the component can only be installed on sites where Custom Script is allowed.
  // Components that allow authors to embed arbitrary script code should set this to true.
  // https://support.office.com/en-us/article/Turn-scripting-capabilities-on-or-off-1f2c515f-5d7e-448a-9fd7-835da935584f
  "requiresCustomScript": false,
  "supportedHosts": ["SharePointWebPart", "TeamsPersonalApp", "TeamsTab", "SharePointFullPage"],
  "supportsThemeVariants": true,
  "loadLegacyFabricCss": true,

  "preconfiguredEntries": [{
    "groupId": "5c03119e-3074-46fd-976b-c60198311f70", // Advanced
    "group": { "default": "Advanced" },
    "title": { "default": "ACSearch" },
    "description": { "default": "ACSearch description" },
    "officeFabricIconFontName": "Page",
    "properties": {
      "description": "ACSearch",
      "masterListSiteURL":"https://arthurcox.sharepoint.com.mcas.ms/sites/idspUAT",
      "documentTypeTermId":"81302116-e1b4-4f4c-8207-6ff6cf555c10"
    }
  }]
}
