{
  "$schema": "https://developer.microsoft.com/json-schemas/spfx-build/package-solution.schema.json",
  "solution": {
    "name": "ac-search-client-side-solution",
    "id": "b4b88261-3849-40ff-a139-80cf95f2168c",
    "version": "1.0.0.0",
    "includeClientSideAssets": true,
    "skipFeatureDeployment": true,
    "isDomainIsolated": false,
    "developer": {
      "name": "",
      "websiteUrl": "",
      "privacyUrl": "",
      "termsOfUseUrl": "",
      "mpnId": "Undefined-1.15.2"
    },
    "metadata": {
      "shortDescription": {
        "default": "ACSearch description"
      },
      "longDescription": {
        "default": "ACSearch description"
      },
      "screenshotPaths": [],
      "videoUrl": "",
      "categories": []
    },
    "features": [
      {
        "title": "ac-search Feature",
        "description": "The feature that activates elements of the ac-search solution.",
        "id": "dba72bc5-707f-4985-86d2-3821686eb8fe",
        "version": "1.0.0.0"
      }
    ]
  },
  "paths": {
    "zippedPackage": "solution/ac-search.sppkg"
  }
}
