{
  "$schema": "https://developer.microsoft.com/json-schemas/spfx-build/package-solution.schema.json",
  "solution": {
    "name": "cxa-taste-fpp-technical-specifications-client-side-solution",
    "id": "43c13ab3-2330-4237-b1f7-e4f2760785d0",
    "version": "1.0.0.0",
    "includeClientSideAssets": true,
    "skipFeatureDeployment": true,
    "isDomainIsolated": false,
    "developer": {
      "name": "",
      "websiteUrl": "",
      "privacyUrl": "",
      "termsOfUseUrl": "",
      "mpnId": "Undefined-1.15.0"
    },
    "metadata": {
      "shortDescription": {
        "default": "cxa-taste-fpp-technical-specifications description"
      },
      "longDescription": {
        "default": "cxa-taste-fpp-technical-specifications description"
      },
      "screenshotPaths": [],
      "videoUrl": "",
      "categories": []
    },
    "features": [
      {
        "title": "cxa-taste-fpp-technical-specifications Feature",
        "description": "The feature that activates elements of the cxa-taste-fpp-technical-specifications solution.",
        "id": "d5246ac7-c93f-48f5-8f0f-58d4ada0ed72",
        "version": "1.0.0.0"
      }
    ]
  },
  "paths": {
    "zippedPackage": "solution/cxa-taste-fpp-technical-specifications.sppkg"
  }
}
