{
  "@microsoft/generator-sharepoint": {
    "plusBeta": false,
    "isCreatingSolution": true,
    "version": "1.15.0",
    "libraryName": "cxa-taste-fpp-technical-specifications",
    "libraryId": "43c13ab3-2330-4237-b1f7-e4f2760785d0",
    "environment": "spo",
    "packageManager": "npm",
    "solutionName": "cxa-taste-fpp-technical-specifications",
    "solutionShortDescription": "cxa-taste-fpp-technical-specifications description",
    "skipFeatureDeployment": true,
    "isDomainIsolated": false,
    "componentType": "webpart"
  }
}
